"","baseMean","log2FoldChange","lfcSE","stat","pvalue","padj"
"Q39609",51.2252827351231,16.4258130778655,1.50134226790426,10.9407517719424,7.35871662836218e-28,3.04650868414194e-24
"Q9C2U0",26.5148619736508,18.4386236526517,1.69838644328154,10.8565537163765,1.8562280218495e-27,3.84239200522845e-24
"A2XQE8",231.396549472987,6.91838634393085,0.687205038519402,10.0674266865631,7.69654476010659e-24,1.06212317689471e-20
"Q27960",84.4174314224004,12.4100451713346,1.45784361578917,8.51260384648093,1.7007033218187e-17,1.76022793808235e-14
"Q9DER5",40.4826804696477,11.3721725710811,1.38703822444297,8.19888909380863,2.42618631441543e-16,2.00888226833598e-13
"Q52JK6",47.1993237562313,10.7738850308759,1.37047479952858,7.86142513133542,3.79787407209245e-15,2.62053310974379e-12
"Q80W93",102.019256534363,5.77644786507891,0.7752611761121,7.45097012860561,9.26563420383666e-14,5.47996080055482e-11
"P80483",102.606205886932,11.6480112489107,1.60111962145267,7.27491631033956,3.46635279712573e-13,1.79383757251256e-10
"Q9LT68",143.95440650391,2.89486152358575,0.40268948257127,7.18881830511529,6.53544748372968e-13,3.00630584251565e-10
"P22944",172.614054757959,3.83235527039301,0.534690885988185,7.16742209531076,7.64231296173259e-13,3.16391756615729e-10
"P43156",155.182932435998,8.30888520843637,1.17599573115857,7.06540422578796,1.60149110958363e-12,6.02743017606929e-10
"P35134",38.9297843913696,3.62862062350355,0.541060977956372,6.7064910820387,1.9936002505166e-11,6.87792086428227e-09
"O05496",106.231430057657,5.78984118640552,0.873434010868258,6.62882497631388,3.38369494156496e-11,1.0775766967753e-08
"Q28EW0",39.0984609816006,3.77639270322195,0.579189982012275,6.52012780003835,7.02475125469925e-11,2.07731929960392e-08
"P58905",38.5341948020558,9.7319592694351,1.49571769644633,6.50654818924537,7.68972427803486e-11,2.12236390073762e-08
"Q6DER6",40.8034636952092,9.87276340008207,1.52616330910577,6.46900848760863,9.86480558741746e-11,2.50791896406128e-08
"Q7XSQ5",56.6477089380785,3.20969668938802,0.496664304270942,6.46250729474019,1.02982179683676e-10,2.50791896406128e-08
"Q9S845",23.3246214446599,10.3769387622486,1.61504470699521,6.42517121495345,1.31721173543242e-10,3.02958699149456e-08
"P43317",196.50329249231,3.79782868997336,0.608563715570176,6.24064266864004,4.35776721061449e-10,9.49534539576e-08
"P42042",86.6875815860837,4.26996997528672,0.692103308326113,6.16955579307063,6.84821090223524e-10,1.39607947742417e-07
"Q9FF55",28.0517905111038,4.70994704872135,0.764073978569958,6.16425526954405,7.08156256664432e-10,1.39607947742417e-07
"K9NVA6",765.105234645604,5.79151800491125,0.985736278410639,5.87532196161965,4.22022315240109e-09,7.59640167432196e-07
"Q38931",79.2888256985728,3.27519634855008,0.557016189949697,5.87989435072947,4.10528424612562e-09,7.59640167432196e-07
"A2VDR2",21.5498319376757,5.40945883831697,0.923223647931179,5.85931572532706,4.64778308818512e-09,8.01742582711934e-07
"Q94A99",37.7554874444309,4.37413085669277,0.757830710752281,5.77191026258446,7.83778562251677e-09,1.29793729908878e-06
"A8I4E9",46.2597279932828,4.31520050847195,0.757225934156335,5.69869614051154,1.20727182071748e-08,1.92234820683475e-06
"Q9M4B5",20.4700851715436,6.35931899219128,1.12037311341927,5.67607247623361,1.3782240402554e-08,2.11327686172494e-06
"Q86JE5",30.2110760501275,5.08150097018936,0.906936796399551,5.60292733778408,2.10761594323875e-08,2.95237693238704e-06
"Q921Y4",32.2103283455404,3.23260441386428,0.576587635579102,5.60644074619738,2.06529635522806e-08,2.95237693238704e-06
"Q9LM02",40.0340652147363,4.76452402771612,0.851529479273335,5.59525435547105,2.20298556095431e-08,2.95237693238704e-06
"Q9TXQ1",91.7219950179474,3.18871351835848,0.569957995590092,5.59464652313041,2.21071702666663e-08,2.95237693238704e-06
"Q9AYU0",48.4936869019461,3.58185393697615,0.653243495399395,5.48318347171018,4.17739377175815e-08,5.40450319221211e-06
"Q11208",17.6522263797736,7.7349901633674,1.41405387298417,5.47008166460006,4.49828261437497e-08,5.6206140320713e-06
"Q941R4",56.8072472603984,6.47676727874483,1.18502678203667,5.46550287041903,4.61596321474455e-08,5.6206140320713e-06
"P31851",28.7152277080951,6.311955505615,1.1606510853711,5.43828854784284,5.37948034543991e-08,6.36315675146321e-06
"Q0WVK7",78.9568915352201,4.25025292992213,0.785870797520433,5.40833549653767,6.36131783086701e-08,7.31551550549707e-06
"O75197",21.3153501201099,3.60338991579288,0.671469185477254,5.36642632860618,8.03119822458044e-08,8.98625963507109e-06
"O78516",133.068409574324,3.33263495890817,0.624533061547931,5.33620261935868,9.49133354781158e-08,1.00340797094186e-05
"Q05117",235.967263457503,2.68758941029547,0.504004265688968,5.3324735389324,9.68838908362938e-08,1.00340797094186e-05
"Q5DU05",177.049719529056,2.64411884224682,0.495863322020087,5.33235414846778,9.69476300426916e-08,1.00340797094186e-05
"Q8UVD9",60.0689931686559,3.49884788444731,0.663116618683557,5.27636887067217,1.31768722883943e-07,1.33054271399884e-05
"Q5PP37",18.9044040045796,3.59110587372306,0.687322666313512,5.22477440324226,1.74367567795912e-07,1.71876602541685e-05
"Q5U2X2",51.5669008644994,2.75814265331333,0.530602363103858,5.19813488424564,2.01298044479161e-07,1.93807884684588e-05
"Q5ZI11",14.25997637764,5.29463357541146,1.0259917342259,5.16050314908844,2.46287019567272e-07,2.31733695683751e-05
"P0DJ56",84.3024855778422,7.0968178629305,1.37983722999273,5.14322827988043,2.70057141235394e-07,2.48452569936562e-05
"J9VI03",145.123777597712,2.30352937954888,0.449825554559207,5.12093934237718,3.04017434368848e-07,2.73615690931964e-05
"Q8H136",97.8462008072308,3.23559220374812,0.633334550507901,5.10881997698269,3.2417703921999e-07,2.82515543814133e-05
"Q9M907",37.2920359351552,3.02211953728335,0.591776327634515,5.10686115033284,3.27554253697545e-07,2.82515543814133e-05
"P47961",33.4490033967583,6.80272912568796,1.34902515842952,5.04269996981183,4.5900866354565e-07,3.87815483077345e-05
"Q08CH7",46.6089274757068,4.87476756834795,0.968073451320265,5.0355348157722,4.765165055467e-07,3.94555666592667e-05
"P37967",19.9214751917026,3.63001639885893,0.727296560128238,4.99110898890939,6.00336094789682e-07,4.77959890851785e-05
"Q2XWK0",54.2396752969699,2.29433970146706,0.459379172664061,4.99443561657699,5.90080722610375e-07,4.77959890851785e-05
"Q6IMY8",240.484151384463,2.26995938427523,0.45712458422685,4.96573464346593,6.84414851185126e-07,5.3461839318989e-05
"Q79VC4",87.7734413531687,4.0539989530807,0.822600430035858,4.9282723483429,8.29599227798557e-07,6.30877252963098e-05
"Q9LPC1",20.401702743218,-1.62032875143543,0.328915638270698,-4.92627459112145,8.38121954419574e-07,6.30877252963098e-05
"P71847",56.9011322120194,2.85085085282309,0.581525886711215,4.90236276315386,9.46907651642506e-07,7.00035299607138e-05
"Q76C99",129.370496051616,3.59105136406406,0.734797633690853,4.88712973397367,1.02316675467864e-06,7.43142169187641e-05
"Q04462",35.3028959902062,5.92520820008166,1.21479252167972,4.87754747772794,1.07412999138486e-06,7.66706580057467e-05
"P02982",80.7377427439098,2.2353112209294,0.458856611028837,4.87148090972785,1.10764866943707e-06,7.77231439232113e-05
"Q24239",16.7260412088327,2.77143562865237,0.571113208775916,4.85269047548816,1.21797708679243e-06,8.4040418988678e-05
"Q91ZR5",162.375947406699,1.83200695705602,0.377783279970468,4.8493595513259,1.23860731880208e-06,8.40628573744365e-05
"Q2HWK7",29.9897940413542,2.83994252264338,0.591167455282731,4.80395613335167,1.55560924649512e-06,0.000103874552911126
"Q63120",17.3622575872962,4.95723334026017,1.03976260050163,4.76765882699433,1.86379052637472e-06,0.000120563949674864
"Q9NGQ2",66.8182173858693,2.64710989615924,0.554992564042649,4.76963128456585,1.84563427083738e-06,0.000120563949674864
"Q1KVT0",34.7360910941581,3.74504957567831,0.786465407734136,4.76187450693867,1.91802949258287e-06,0.000121746428994494
"Q561P5",89.6986300295075,3.59664660910753,0.755679945424886,4.75948399965185,1.94088509991222e-06,0.000121746428994494
"A5K0N4",34.2132878076146,2.46476198049514,0.519258173288854,4.74669847733728,2.06763825925456e-06,0.000127761528258416
"Q2QAV0",17.104834811092,2.28355260647601,0.482071296217613,4.73696033012758,2.16947611764245e-06,0.000132082810691761
"O00782",136.766453748792,2.56834236589584,0.544778353026031,4.71447213647477,2.42338161686068e-06,0.000145402897011641
"Q4PEQ5",72.4409312760452,2.18407873160256,0.466275811341297,4.68409185824973,2.81203886235891e-06,0.000162490815557101
"Q9I4C8",114.983823955784,2.33827378379851,0.499302284198842,4.68308248889828,2.82592722708002e-06,0.000162490815557101
"Q9VR91",116.883558040558,2.28674952107523,0.488021455132584,4.68575612204175,2.7892824245745e-06,0.000162490815557101
"E2JA28",93.9224450637151,2.21912817213905,0.474368566653993,4.67806749463164,2.89591232036907e-06,0.000164233931593534
"P10775",26.7495117427924,3.3271187431318,0.715097681805491,4.65267728841105,3.27652819098809e-06,0.000181720214147161
"Q5QM84",29.8676217794778,2.58698343506172,0.556136718949065,4.65170406289727,3.2920328649848e-06,0.000181720214147161
"Q29RU8",28.1384981926487,2.87422579980047,0.62095408772779,4.62872514507136,3.67923709011406e-06,0.000200421599382529
"Q8N0N9",110.658491414907,2.85675679158236,0.623909485192169,4.57880006536919,4.67650931809662e-06,0.000251438293206754
"Q7XV05",83.4435281899767,5.28825046807943,1.15688902974425,4.57109569899586,4.85180631552272e-06,0.000257518950593129
"Q9C8H1",39.8059444528077,3.22941468618038,0.707777993759137,4.56275091152294,5.04877005921396e-06,0.000264581114495516
"P0AC59",30.1434937465948,3.21447284983811,0.705978445591068,4.5532167021712,5.28318017823721e-06,0.000273404574223775
"P51822",357.535559094422,6.43691569983691,1.42063966692299,4.53099814802357,5.87056532704602e-06,0.000292820969324946
"Q03133",137.750867111323,2.76581118907275,0.610414604930632,4.53103704716741,5.86948433850978e-06,0.000292820969324946
"Q0IUU4",20.5849487320967,2.96584299881442,0.65455336402226,4.53109427257264,5.86789441824168e-06,0.000292820969324946
"O15891",49.2413346832125,5.00499454526186,1.10882961246627,4.51376342135171,6.3687258183376e-06,0.000313887201046639
"O31853",204.491202188562,1.72784917804227,0.38450259786615,4.49372562794429,6.99877921853698e-06,0.000336917976334222
"Q9ATN4",51.9008752898386,2.50001653538367,0.556183328691499,4.49495050717417,6.95861303949901e-06,0.000336917976334222
"Q8NBN7",19.4364999170157,3.86501799768279,0.865125146280323,4.4675825391283,7.91084920781686e-06,0.000376447307130595
"P43524",109.956372402772,2.34292304560546,0.524993665598869,4.46276440865786,8.09089953922391e-06,0.000380640046504398
"O94451",67.5128006827137,3.00010190947467,0.672779978829107,4.45926157715928,8.22425017891323e-06,0.000382566244277537
"Q99NH0",47.0352693820844,2.44461349853303,0.550894220716526,4.4375370199989,9.09940758651029e-06,0.000418572748979473
"Q1XDK6",76.4310070472621,2.42623892497897,0.547532117778105,4.43122667365101,9.36985280375934e-06,0.000425984952070699
"Q2JVR0",17.4956951351996,3.9347462318687,0.88840159061233,4.4290175450459,9.46633226823775e-06,0.000425984952070699
"Q03460",47.0732059235358,2.43843319093507,0.551459390795272,4.42178196914655,9.78902100498694e-06,0.000435769322157483
"P48456",38.6287606465738,3.10027337909082,0.70634802658709,4.3891584068984,1.13790163339427e-05,0.000501160932154496
"A0A0H2VDN9",64.2044770449627,2.94107301963227,0.671292937822883,4.38120655517495,1.18023917783906e-05,0.000514335810131968
"Q9UTR6",30.0612857793632,3.51927468161125,0.804786305503331,4.37293062462118,1.22589689215611e-05,0.000528668034742322
"Q54BM8",66.1023663082209,2.50818062093243,0.57471477583572,4.3642180893734,1.27578253162551e-05,0.000533509058679759
"Q9D2H2",51.6147591148093,2.55646237633365,0.585445791840489,4.3666935725967,1.26141498386644e-05,0.000533509058679759
"Q9GR88",13.0116442911561,3.73343021782371,0.855078194873066,4.36618573623893,1.26434978784927e-05,0.000533509058679759
"Q8VEH0",37.7799232384874,1.45934714800155,0.335855676462935,4.34516147939099,1.39173245076007e-05,0.00057592050564348
"Q9S7U9",32.58624912616,1.580985167014,0.364024402799084,4.34307468086581,1.4050234557969e-05,0.00057592050564348
"Q8W4I9",226.348076399101,3.03222876017894,0.700207583640252,4.33047117886804,1.4879062059577e-05,0.000603914871829892
"A0A509AHB6",67.1962786025664,2.07703803172327,0.48161872379336,4.31261894339147,1.61332038569952e-05,0.000648460815222913
"P49735",51.5305657310795,2.78592451579287,0.647728330290477,4.30106942295315,1.69975793265943e-05,0.000676634407808659
"O23685",18.9425097807277,3.92532803073386,0.917373724236415,4.27887558475816,1.87839816665388e-05,0.000740625562852103
"Q66H60",23.5361662069462,4.54769994881254,1.06740207275196,4.26053130765218,2.03941510745468e-05,0.000796526277817204
"Q13976",86.9914344221307,2.1318435037773,0.501558420080406,4.25043906836524,2.1335187136234e-05,0.000825492287327187
"Q99385",45.7470946458955,3.23578011916058,0.763284669617619,4.23928351761815,2.24234314452227e-05,0.000859564872066872
"Q4H2R2",215.203736606068,4.69843673829067,1.11188736191546,4.22564092301277,2.38261661886496e-05,0.000904957137807424
"Q84L08",63.0153563316645,3.12437492825027,0.743701192012009,4.20111593447576,2.65602526650916e-05,0.000999631327577083
"P02589",27.6849477825998,2.02388021246445,0.482353387351905,4.19584533981496,2.71855716000286e-05,0.00101394834616323
"Q9SS47",32.616015819611,2.64706079441461,0.631213646686564,4.1936051419513,2.74555729465885e-05,0.00101487564284711
"D3KCC4",90.941423381909,1.81212012383166,0.432868427970756,4.18630698553531,2.83529820246604e-05,0.00102070735288777
"Q24278",30.6062699716343,2.44046095501973,0.582656000695925,4.18851080586973,2.80790942909481e-05,0.00102070735288777
"Q9LPV5",1566.15882973402,2.09170923935258,0.499647882734143,4.18636666267143,2.8345532092743e-05,0.00102070735288777
"Q71RS6",28.6862199037897,1.56812186420165,0.376613855185533,4.16373917903029,3.13077735647367e-05,0.00111736364274147
"P22002",52.454440381512,1.92661514687819,0.463157945348849,4.15973679438248,3.18614546755389e-05,0.0011274053192883
"P0CI65",44.0918291885634,2.12036207767019,0.512574038415455,4.13669425050276,3.52345090925206e-05,0.00123619379358504
"Q8H124",82.0854573232501,2.13706461334159,0.518117056405843,4.12467527737132,3.71258173513227e-05,0.00127025523830146
"Q8R3F5",123.780830293504,2.77585026826545,0.672825251224584,4.12566303540663,3.6966819282356e-05,0.00127025523830146
"Q9H0C1",16.3477858958713,2.81010201164733,0.681125315205487,4.12567547984846,3.69648202472873e-05,0.00127025523830146
"P51390",73.8138763571067,3.92785969744824,0.954227877461718,4.11627011767513,3.85053007784806e-05,0.00130665528871237
"Q54KA7",137.995376558065,1.6927527528816,0.412264458138544,4.10598759962166,4.02591078736633e-05,0.00135506265525989
"Q8R2R5",22.5442988115132,4.34545121224623,1.05916846845547,4.10270069555881,4.08355367754715e-05,0.00136338001814881
"Q7Z429",29.5010462534017,4.34887167802107,1.06205144822863,4.09478437722998,4.22561465981316e-05,0.00139952357533012
"Q01656",40.8418755109773,3.0681610714595,0.749628807336661,4.09290710473133,4.25998417124521e-05,0.00139970908483771
"O00909",348.258482168806,1.23344272594496,0.301570352393997,4.09006626862805,4.31249955565145e-05,0.00140580694176354
"Q55BS1",31.4857776095039,1.4258176892872,0.349435499204917,4.08034585075474,4.49687427613825e-05,0.00145445777368847
"Q9Y871",40.6550188418983,2.98080165278657,0.731966852875768,4.07231781203689,4.6547606627283e-05,0.00149385342199187
"Q80YX1",63.6185055148498,2.67825386153949,0.659435145119964,4.06143633890224,4.87717184331166e-05,0.00155319164856233
"Q16KN5",55.3531047855969,2.92221341089307,0.720344886999429,4.05668654505962,4.97738104129711e-05,0.00156367825422866
"Q60675",145.7373631986,17.910103146223,4.41538030676197,4.05629909586598,4.98564081058413e-05,0.00156367825422866
"Q41093",357.117460623303,1.48220221936075,0.366456182397045,4.04469153628529,5.23920601918664e-05,0.00163085059544607
"Q8I8U2",46.4171280065439,2.37874550627889,0.590849222565992,4.02597721284673,5.67391837676616e-05,0.00175298672237402
"Q58623",15.968033659522,3.51673824158423,0.873997249601188,4.02374062754654,5.72810005979357e-05,0.00175661735167003
"Q9LJX8",79.6202593145791,1.98653444286108,0.494617350667375,4.01630561520072,5.91175824184918e-05,0.00179960875891585
"Q11011",46.5046837537659,3.32932212135048,0.831488537675324,4.00405053166289,6.22670551254326e-05,0.00188164677532329
"Q19821",38.2574869698237,2.63339091422072,0.658576973107482,3.99860763700121,6.3716203796739e-05,0.00191148611390217
"Q65XV7",54.7202126655814,3.21697545195043,0.804893467540786,3.99677172406349,6.42121670262606e-05,0.00191250626970301
"P13686",36.8520555242788,2.30695684827751,0.578599091182128,3.98714219126095,6.68739499381819e-05,0.00197755823388624
"Q9RKB5",91.1911315358257,2.38159501963301,0.597738056230012,3.98434564239384,6.76663234451807e-05,0.00198679843307126
"P14735",65.8329349269027,2.18581505155527,0.549438984939597,3.97826712604962,6.94193559892722e-05,0.00202391643518019
"Q5RDU4",37.6641817695256,4.78613028295561,1.20431840540255,3.97414027842232,7.06339262559188e-05,0.00203832309856987
"Q99LB7",15.8818464066818,1.15505546861799,0.290707885352091,3.97325124916734,7.08981947328651e-05,0.00203832309856987
"Q8R1T4",42.2064276209949,1.87422801199793,0.473393481263191,3.95913354572772,7.52221681850618e-05,0.00214772259507694
"Q7ZXW9",44.5040228483579,1.49956286644977,0.37990070789152,3.94724946624204,7.9054172965629e-05,0.00224167312381989
"O52402",34.5752681266894,3.91191674656074,0.992723003908186,3.94059242221664,8.12806268647151e-05,0.00228912785863891
"Q32TF8",89.5919686476633,2.44015266985903,0.620585782591091,3.93201510300609,8.42367720585926e-05,0.0023563529481255
"P42644",4409.21568620803,-2.71739835896715,0.691996662362193,-3.9268951813887,8.60494585084639e-05,0.00239090441761772
"Q8VIG3",65.7523246956291,2.57952076584973,0.657198670917785,3.92502431912622,8.67209764636401e-05,0.00239349895039647
"Q18161",14.3021891988917,2.8269394630821,0.721262121347047,3.91943425200596,8.87570692379118e-05,0.00243347196453612
"Q9LVE4",31.3477226531498,3.11977372949695,0.797722836711474,3.91084921469451,9.19721785950473e-05,0.00250503170647037
"Q9R053",104.743531053635,1.60401687349926,0.41076411049973,3.90495866726971,9.42414910189145e-05,0.00255006387462945
"Q5PQA4",65.8044541887176,2.21852380537082,0.56865655954956,3.90134215127694,9.56608299964432e-05,0.00255506991087274
"Q5ZHV2",27.9259161465507,1.78870541789284,0.458410305610689,3.90197470693847,9.54111292631693e-05,0.00255506991087274
"Q9X1C1",90.6250025897769,6.192162190616,1.59247132883587,3.88839791240864,0.0001009080970589,0.00267794565271696
"P14002",107.263512799907,2.38661630530019,0.614411953332018,3.88439107077479,0.000102586672694044,0.00269019395496005
"P92939",24.0697459479657,2.65927978721442,0.684641061337605,3.88419558420715,0.00010266923789461,0.00269019395496005
"Q6FFF7",46.6033764060104,3.73724679895336,0.966647767292954,3.86619296646112,0.000110547481955847,0.0028784061339447
"O81148",41.2245916173628,2.97730396354182,0.770865527781126,3.86228707374131,0.000112330457607146,0.0029065505905849
"Q07617",25.5722090411906,2.39730277159435,0.62531043076828,3.83378023719984,0.00012618888897519,0.00324485714507631
"Q9BLG3",134.170010256361,2.44205537491425,0.637339492543976,3.83163981438942,0.000127292002714559,0.00325301784714985
"Q8GYT9",55.7308841198922,2.78485898952602,0.728248030009252,3.8240528978714,0.00013127573069633,0.00332105260132507
"Q8W490",53.0602334315701,1.84445683683388,0.482397281452136,3.82352245286624,0.000131558605463119,0.00332105260132507
"Q9VYS3",51.8510024250749,2.21757547141964,0.58031648380936,3.82132083662841,0.000132738830116189,0.00333053791927892
"D3YXG0",127.755432967209,1.99247461098958,0.522252348567979,3.81515682304344,0.000136096474540609,0.00335380597975073
"P28644",28.8730324121228,2.18936327252139,0.573803280430444,3.8155293759893,0.000135891287555583,0.00335380597975073
"Q06827",8452.77809379366,-3.04278056768148,0.797082592859657,-3.81739683558392,0.000134867151299551,0.00335380597975073
"Q9SR22",36.040561194,3.49615641094547,0.916842799499134,3.81325611419471,0.000137147858515892,0.00335971677074434
"Q8K1E6",62.1632685197644,1.7266533508345,0.453079637342052,3.8109268405081,0.000138446739050268,0.00337158529216536
"O59838",81.2028746623649,3.33588231708052,0.875715356869338,3.80932261940252,0.000139348035090505,0.00337368927061223
"Q17QJ3",14.3775021335259,3.41535088792403,0.89696114148018,3.80769102470589,0.000140270377447425,0.0033762753641415
"Q6NZQ0",28.0665141989748,3.25185528390627,0.854552848505378,3.80532964063463,0.000141615458834576,0.0033889479744228
"P30638",36.6064212037885,2.849951409278,0.749500839832332,3.80246593174672,0.000143262971942605,0.00340867071173785
"Q9STX1",40.9470817046239,1.15549304832264,0.304328051174448,3.79686671624064,0.0001465365247891,0.00346663550072499
"Q550A6",20.1319650933838,2.41196736053896,0.638238540245585,3.77910014586531,0.00015739611813188,0.00370238596060219
"P14070",216.678050526989,2.71092799712082,0.718410764007276,3.77350693076944,0.000160968745482609,0.00373565640622076
"P49193",19.0296318055855,2.90617453829095,0.770325434023964,3.77265816488742,0.000161517511283458,0.00373565640622076
"Q92359",17.5737376647159,3.06777958482832,0.813038684753151,3.77322708298896,0.000161149485657014,0.00373565640622076
"O75808",58.5545544923072,1.41094634511003,0.374327647990598,3.76928167792048,0.000163718042827959,0.00376551498504305
"Q5R5X3",70.9101626724975,1.5848519818883,0.421420585100596,3.76073698799023,0.000169413485921091,0.00387498249565368
"O97397",41.025145031754,3.94563680084189,1.05085900955453,3.75467761609096,0.000173564729977724,0.00394812078081195
"A9SMC8",59.9851151152657,2.88544246161669,0.769483978666969,3.74984085648585,0.00017694683052749,0.00398130368686852
"Q66PY1",64.9159301535645,1.43542216487049,0.382734349240282,3.750439874863,0.000176524630154913,0.00398130368686852
"Q09911",35.8793337478713,1.29828303274098,0.347167035877658,3.73964950174157,0.000184277023511401,0.004101649878157
"Q7DLR9",25.9600052086131,2.85278629077024,0.762598545720735,3.74087559801739,0.000183380276834427,0.004101649878157
"P55473",16.3436763326471,4.33157053270003,1.1610772367882,3.73064805290829,0.000190987869367605,0.00420579669777598
"P9WQE7",134.881949513354,1.60878185019397,0.431095344698092,3.73184695678086,0.000190080977060434,0.00420579669777598
"A9NUH8",684.279536254037,2.87549304922171,0.772282770450053,3.72336812272272,0.000196582565447589,0.00430609429075671
"Q9C8M1",66.1102935005665,2.01497059810093,0.541641001612891,3.72012198504318,0.000199126577362803,0.00433886331727371
"Q87AD3",33.927410778647,1.47365104261181,0.396448195968631,3.71713393476614,0.00020149563638679,0.00436749704000685
"O89017",68.4138973391944,2.07714405002283,0.559595449377697,3.71186730044487,0.00020573584643385,0.00443617918872989
"Q8C1B2",73.4169623994813,2.03171791719803,0.548243075520759,3.70587064007724,0.000210665808177358,0.00451894531530706
"P31826",33.8582032424454,2.93181185635435,0.793132342881046,3.69649766860418,0.000218594265738209,0.00466484670183601
"Q5UQK0",47.2387777217852,1.97513233108332,0.535212219863289,3.69037226315168,0.000223926112786738,0.00475412362531844
"P36982",55.8207551967049,2.53544891505435,0.689040587442817,3.67968006712633,0.000233526746037193,0.00493265677854071
"Q9HCD6",15.139830122079,1.69455564224964,0.460978474389619,3.67599733261602,0.00023692199742134,0.00497896989504744
"A0MQA3",42.5847660265256,2.93019614713602,0.798485888283776,3.66969058580864,0.000242844228405085,0.00507765204846996
"A8JQX3",49.0985618730133,1.33695825826605,0.364753776990793,3.66537193746399,0.00024697937712751,0.00511247310653946
"P21567",16.7616795563412,2.56257064258899,0.699048031564135,3.66580052711856,0.000246566065128474,0.00511247310653946
"O13845",42.2925598479023,1.98106222885072,0.540961812775615,3.66211104382048,0.000250145379962536,0.00515224812460148
"Q64M78",166.104673501937,1.47015656367906,0.402309447551894,3.65429291463363,0.000257891715461659,0.00528550347530331
"Q02334",106.074072993537,3.09969413832601,0.848709634075666,3.65224337496993,0.000259959333486363,0.00530163369770219
"Q4UMH6",132.984435640633,1.64954679949709,0.45219407395973,3.64787354476473,0.000264419715896027,0.00536616482259585
"P97779",51.5607388848142,3.18241506530813,0.874196555696675,3.64038847393075,0.000272227003976932,0.00549765754372925
"P42620",82.2705689381277,3.09351243690257,0.852092538302888,3.63048882350727,0.000282884954826892,0.00565769909653784
"P9WPJ9",2436.67339174435,-1.32866209463721,0.365936223898364,-3.63085698508556,0.000282481690179623,0.00565769909653784
"Q54J08",92.7309013115657,3.4047764967271,0.939779043142918,3.62295426948493,0.000291257330933678,0.00579714110608378
"Q9AYU1",37.8723361073479,2.85420766371064,0.789416570010565,3.61559127606409,0.000299662863432457,0.00593590552445154
"Q96RW7",108.241775719423,1.73883573069578,0.481510167952824,3.61121290146076,0.000304768339944636,0.00598444731698203
"Q99L04",32.1086387099264,1.98679471801588,0.550204393635846,3.61101209113726,0.0003050044405515,0.00598444731698203
"Q5UR03",13.2257016950206,3.73594741588358,1.03657831138396,3.60411497602687,0.000313218388181791,0.00611662324090857
"P53273",51.7474429071149,2.77275689685184,0.771567952924508,3.59366519350906,0.000326058763798141,0.00633748019776669
"A8JF70",63.6575580953048,1.98829105184734,0.553677065639866,3.59106630062334,0.000329327838527721,0.00637110865189143
"Q8ILC1",19.3180165291861,-1.58480612999854,0.442014889360561,-3.5854134513233,0.000336544603249299,0.00648044026721906
"E3WDQ9",133.483367072772,0.67886187403987,0.190126805189959,3.57057424575986,0.000356199468835731,0.00682715648601818
"Q9NES8",67.197495838507,1.40740284135913,0.394331964078016,3.5690813060254,0.000358235244676034,0.00683453416110038
"P21448",52.0571619028315,3.29865364927125,0.926717502600861,3.55950291217494,0.000371557413408234,0.0070561820711472
"A9LNK9",24.7783904847117,3.25088120693204,0.91426149398104,3.55574551518786,0.000376908781185243,0.00712512490459775
"P94400",97.7076657980936,2.10986306539167,0.593785867923144,3.55323893573155,0.000380518675654392,0.0071606696236781
"Q54NZ5",596.163467469279,-1.98802544023105,0.561596569823045,-3.53995296099736,0.000400198355402008,0.00749692846771183
"Q54JE4",37.0807749704937,2.23447822058604,0.631921329274395,3.53600696332213,0.000406223985838907,0.00756235644823834
"Q8W493",43.0453369939908,-1.26409668422402,0.357566282108164,-3.53527932435652,0.000407344320762597,0.00756235644823834
"P04630",64.6810185075622,1.73879296219925,0.4923727936105,3.53145621521638,0.000413278276275729,0.00760432028347341
"Q99KQ4",49.227739294884,2.1654613081571,0.613087392269753,3.53205976090977,0.000412336160087518,0.00760432028347341
"Q800A0",140.902982535657,1.65954501235391,0.471320656213544,3.52105300388534,0.000429836688154534,0.00787399950867155
"Q96MR6",93.7766913818113,1.44450035781797,0.41061741966915,3.51787403218757,0.000435018810919987,0.00793382324761562
"Q2XVR5",27.3704366440696,1.81080352367227,0.515334360769902,3.51384200534767,0.000441675431968048,0.00801989600152509
"Q56YN8",51.9446601303682,2.70039035691453,0.7719314794119,3.49822546292818,0.000468365010186818,0.00846738490032064
"Q9DE46",28.2296586428687,3.13434306950648,0.897124390836788,3.49376641803589,0.000476257518610499,0.00857263533498898
"Q9SY14",93.4803267064783,2.04814110943239,0.58657870213608,3.49167315822053,0.000480005220351116,0.00860269096213688
"Q54I71",87.7153834171369,1.62589292802689,0.466628437256795,3.48434171218787,0.000493349179339253,0.00874831605787794
"Q75M35",131.664744767252,1.41437287159003,0.405784998995772,3.48552281402785,0.000491176337529819,0.00874831605787794
"Q9STD3",1525.21585260215,-1.95724679382674,0.561824354130372,-3.48373433696426,0.000494470038053971,0.00874831605787794
"Q4GZT3",89.1239998786494,2.13199133730117,0.613062244705082,3.47760990945835,0.00050590559311156,0.00888342002003367
"Q8SWD4",172.666851970433,1.95521164025723,0.562270723693239,3.47734918050606,0.00050639785621448,0.00888342002003367
"Q7RTR2",211.351795966479,1.37050029278982,0.394707403665718,3.47219302212662,0.000516225025171467,0.0090176017055269
"P53356",24.1353819058581,1.77764339821568,0.512742350177137,3.46693304659067,0.000526432999399258,0.0091572799055165
"P45192",212.978514795051,1.82409574201701,0.526686776030026,3.46334068944427,0.000533512417121655,0.00924159584470147
"Q8W171",163.785127710582,2.69913955553728,0.781152760453381,3.45532870417139,0.000549622310301366,0.00948098485269856
"Q11083",21.7951308192222,1.80825356862581,0.525321746654884,3.44218296718214,0.000577039809899652,0.00983104861310518
"Q8RVL2",45.2440730206793,2.45182198561261,0.712185339316152,3.44267404881836,0.000575993089215254,0.00983104861310518
"W0LYS5",37.5774777666224,1.96442215259488,0.570559222665795,3.44297677534088,0.000575348720957959,0.00983104861310518
"O95155",17.4016713708164,3.03600048471566,0.882397865986594,3.44062537064407,0.00058037149312053,0.00984728680950408
"O59952",76.334813749515,1.42578319083328,0.415509800434326,3.4314068870167,0.000600459226089868,0.0101465354939267
"Q8CFF0",31.6402902189352,1.25033736325995,0.365104500048734,3.42460134863595,0.000615702148734934,0.0103618166494416
"F4I2J8",28.7234826265756,2.51895925055412,0.735928077056429,3.42283346577763,0.000619720322796097,0.0103872151270277
"Q8S4F6",92.1217190528501,1.82371978624185,0.534829781621935,3.40990694405835,0.000649850483378009,0.010848310488649
"B0BN18",24.8463234045025,3.12368617050069,0.91724957405215,3.40549209164647,0.000660449263880934,0.0109809636645264
"Q46845",70.0767423883936,2.26184421862747,0.66523011472576,3.40009294311625,0.000673629514962505,0.0111108613224891
"Q4LDE5",250.964953281121,1.34411988280353,0.3952036184696,3.40108192330968,0.000671197096688523,0.0111108613224891
"I6XD69",226.644912131599,-2.25553627681865,0.664158831477833,-3.3960796272178,0.00068358470085662,0.0112303200855016
"P09874",34.8938579444828,2.69720318233055,0.794838198362865,3.3933990438381,0.000690309983470667,0.0112959815477018
"Q10233",22.2720328139601,2.20774427771815,0.651112359570003,3.39072703085555,0.000697074923126166,0.0113172163989895
"Q54MJ7",39.0941617943508,2.21363511888322,0.65273475495814,3.3913241206609,0.000695557901273596,0.0113172163989895
"A1WX30",33.1752914250107,1.8793453234503,0.555100408395787,3.38559528154828,0.000710240478950081,0.0114412279488457
"Q550U9",35.9924709465627,1.39464149762587,0.411895609274505,3.38591008552466,0.000709426240303683,0.0114412279488457
"Q04634",13.3433889831381,2.55964379699033,0.756455761079786,3.38373230621791,0.000715076855478628,0.011474489076285
"P16638",78.9883263386163,3.44612546803914,1.01906072512225,3.3816684159089,0.000720470533951964,0.0115164015851781
"Q9FYK2",14.8579306551685,3.20691335117138,0.94935637219754,3.3779868604538,0.000730185695600599,0.0116268029991788
"P90519",9923.56433378835,-1.45774587694885,0.432740005657687,-3.3686413502106,0.000755396526771247,0.0119821518039577
"Q8R431",27.9518857566296,3.12523824339422,0.928714424882911,3.36512296962357,0.000765095522445002,0.0120896773393981
"Q8WXX0",76.7708058211742,1.57081837373777,0.466948454896822,3.36400807683336,0.000768192950566114,0.0120924669784932
"P0C6B8",128.270616790613,1.83702319341225,0.546407842894588,3.36200004685264,0.000773801104682226,0.0121346082325167
"Q23716",2313.22290011129,-1.45169081677304,0.432359865498384,-3.3575984558596,0.000786227374827045,0.0122367719239999
"Q9NQT8",122.890710605364,1.07171444679996,0.319106174414746,3.35848859322614,0.000783699556459294,0.0122367719239999
"P51874",2826.83896742994,2.55640667078574,0.762061030736254,3.35459571829294,0.00079481050224476,0.012278042833184
"W7JLR6",137.537290316758,1.25692406621375,0.374625036306552,3.35515233740337,0.000793212906098189,0.012278042833184
"Q95M18",268.021980142113,1.23469579127394,0.36831071091843,3.35232116436437,0.000801369962582122,0.0123333518404832
"Q9T050",110.053929946035,2.29296691209497,0.684587930178563,3.34941183011639,0.000809833258335346,0.0124174432944753
"Q5SNX7",34.7106989888823,2.20258720144905,0.658297608158252,3.34588364616929,0.000820208058522906,0.0125301157279883
"Q43362",8062.28318179521,-3.19125903398239,0.955687269591989,-3.33922940644049,0.000840111543349417,0.0127869918730389
"Q9XTY1",26.6620419159131,6.20380353543908,1.86761654488957,3.32177584976679,0.000894465183666255,0.0135644170709828
"Q96M32",39.641842330644,2.21181490418222,0.66710364520924,3.31554912053954,0.000914632654452344,0.0138196320782215
"O08424",32.3441368185692,2.14906375295661,0.648463101108772,3.31408795547818,0.000919425805096058,0.0138415375749007
"O35219",40.3677553395871,2.75229522281979,0.83165950183081,3.30940152401422,0.000934956491707839,0.0139741629926813
"Q91611",26.1736082805202,1.84511233465315,0.55753805998791,3.3093926084493,0.000934986267867808,0.0139741629926813
"H2LRU7",121.827250551602,1.40485173294087,0.42472108855603,3.30770421058464,0.000940641034769863,0.0140081074962131
"Q8N0P0",32.6873049573901,4.48587277648728,1.35696734320935,3.30580746761215,0.00094703136864111,0.0140527235346745
"Q9M8J9",98.1998712965583,1.59288089009369,0.482014412339549,3.30463332488822,0.00095100731122169,0.0140613223873493
"A6QP05",19.4123401082194,2.4464430408958,0.740824974728249,3.30232257868089,0.000958877274124453,0.0141272310137909
"Q85FQ4",20.5680244195635,-1.17652503158993,0.356985518504087,-3.29572201281454,0.000981691018930862,0.0144120596396233
"Q8WUD4",32.05674443092,2.81589148688447,0.854753239568243,3.29439112545142,0.00098635146733246,0.0144293112182204
"Q8GYS4",76.2620722594771,3.37886972322693,1.0289161943377,3.28391150010218,0.00102377065471845,0.0149239806708957
"Q4VRV8",53.1836993282906,1.77263188894689,0.540240498139723,3.28119031255675,0.00103369970764567,0.0150158483847477
"Q9TYP1",18.758386334841,3.98187784607024,1.21465059624448,3.27820844807685,0.00104468219886699,0.0151223227388439
"F4I893",36.031439497829,1.77981341532362,0.543141398280888,3.27688778825728,0.00104958072943423,0.0151402934489815
"Q7XJ02",123.363458477669,1.13243437077938,0.346083862509805,3.27213861567238,0.00106737230599788,0.0153434768987195
"B8GV49",21.6123040403808,3.21928552721247,0.985215550937634,3.26759512083286,0.0010846541090136,0.0154549809980313
"G5E8K5",61.8893935393346,1.50992168400309,0.46202737396286,3.26803511889853,0.00108296926796307,0.0154549809980313
"Q4R6V2",48.0103421586579,2.40024696494659,0.734760046855634,3.2667086012887,0.00108805613623059,0.0154549809980313
"Q9H7B4",38.8268343399018,2.18225884642571,0.66813647977372,3.2661872424101,0.00109006146169689,0.0154549809980313
"P36914",31.1426837965679,2.19738618731086,0.674422702710629,3.25817351414648,0.00112131821378542,0.015789991173713
"Q59Q30",73.4066875611047,2.26804320416577,0.696102145131993,3.25820458969525,0.00112119542234936,0.015789991173713
"P16157",281.568094935953,1.3056461331652,0.400885641822034,3.25690420647398,0.00112634437477731,0.0158070024121291
"P33160",85.1338819213357,3.63715688629869,1.11751688643581,3.25467733905927,0.00113521260261068,0.0158567016261223
"Q54I48",28.115194956435,1.79760787458448,0.552528820142558,3.25341920466824,0.0011402514605781,0.0158567016261223
"Q8IDX6",821.596023532406,1.93802741715914,0.595740716640725,3.25313909730281,0.00114137610738755,0.0158567016261223
"P08965",79.7440984506145,1.46991692785866,0.45291879537613,3.24543150530539,0.00117272772664758,0.0162377685228126
"O02414",1561.5669313544,-2.52837770605139,0.780131563287374,-3.24096322343007,0.00119126551457067,0.016384847941271
"P54147",114.452173735265,1.47470352542822,0.454999720054397,3.24110864343371,0.00119065796540321,0.016384847941271
"Q6GPB9",24.7389652039906,2.11021748066363,0.651625858414535,3.23838818459106,0.00120207130167196,0.0164787257911321
"P87139",53.8937988262128,2.25746775004178,0.697409996418285,3.2369305883706,0.00120822796072478,0.0165084612455465
"Q8C8R3",103.044757558808,1.31502351787429,0.407759570339357,3.2249973109886,0.00125973852025171,0.0171556495850069
"P14686",83.4800316458821,1.49645349006504,0.464284784859772,3.22313704619249,0.00126794873874367,0.017210845175078
"Q96L03",34.9082293646035,2.57987239079061,0.801026950762443,3.22070610525027,0.00127875207844054,0.0172444091359734
"Q9S726",26.4781183915791,1.78438613230893,0.554024809240733,3.22076936365784,0.00127846987839646,0.0172444091359734
"Q7YRC6",27.5951229996176,2.58059450164241,0.802260941393211,3.21665229913964,0.00129695675749851,0.0174331200520904
"B0R0T1",27.6499892578894,1.94968924862617,0.606882876576583,3.21262853818572,0.00131526279161014,0.0176219674992426
"P02981",47.9896089645506,1.66087453554124,0.51775452796503,3.20784164277443,0.00133735113905639,0.0178601087603015
"Q90WU3",14.3088186483746,1.74424353008609,0.544356636269754,3.20422938542396,0.00135424533274059,0.0180275745258716
"Q1RK13",59.683110191897,1.8268048903239,0.571935006299637,3.19407777142922,0.00140278321044613,0.0185862218748068
"Q8AWF2",98.7213045322112,1.98928031864085,0.622899240929473,3.19358282677067,0.00140519020454458,0.0185862218748068
"Q9XU42",20.2442102115651,2.30241246533906,0.721457192382764,3.19133621460597,0.00141616378207637,0.0186717135598604
"O65001",35.0353694293742,0.846791305219951,0.265596114812991,3.1882669135284,0.00143128351024427,0.0187611683093694
"P46327",12.7210418823225,5.59923978871088,1.75628273772007,3.18811981035557,0.00143201188061853,0.0187611683093694
"Q9NQ36",111.778618412182,2.01865718285919,0.634030649468715,3.18384794891339,0.00145331330431286,0.0189801800626348
"Q8NB25",60.7484725062427,2.80770582967779,0.882425382670516,3.18180537960131,0.0014636013355965,0.019054432482294
"Q9NZ45",26.4185027829305,2.69731077989256,0.84810904599608,3.18038204241136,0.0014708100479612,0.0190882557948569
"A0A4Y1YTM1",61246.3302985476,-2.49492850559242,0.785238001153256,-3.17728956307284,0.00148658529657303,0.0192326972744136
"O33925",42.5389858955462,1.66305576575971,0.524038421790601,3.17353784876531,0.00150593265772767,0.0194223090435906
"Q9P0L9",86.9936052938254,2.07237844769496,0.653216182017938,3.17257671310728,0.00151092636365415,0.0194261961041248
"A0JPI9",29.3270187947766,1.82734145001146,0.57653783981207,3.16950826784779,0.00152697113853295,0.0195717043762428
"O13755",1163.0477251787,1.16396765984504,0.367501161957648,3.16724892417939,0.0015388853120573,0.0196635345429544
"Q7D745",99.5982545669279,1.87540424268622,0.592921400068229,3.16298963483256,0.00156157891424055,0.0197704486390088
"Q8BQQ1",15.1400546618841,3.69824690695302,1.16906240868245,3.16342983872092,0.00155921929845545,0.0197704486390088
"Q94A68",50.012654943234,0.926041129093437,0.292735163568015,3.16340926660927,0.0015593294975465,0.0197704486390088
"P25776",39.9480547842405,1.54862348922433,0.48979322700308,3.1617903307891,0.00156802421105535,0.0197915251029547
"Q53P85",54.1146446228345,2.05118018524192,0.649162967434064,3.15973074272796,0.0015791500242605,0.0198111548498135
"Q94K05",63.5098887518747,2.66573565754713,0.843492295494078,3.1603556686735,0.00157576654205254,0.0198111548498135
"B3E099",268.073250899224,0.962487984675746,0.305644013621084,3.14904903018637,0.00163802710357096,0.0204877106005552
"Q67YE6",55.6578528203269,3.15844768040161,1.00488534630879,3.14309258464502,0.00167172954344996,0.020846265993623
"Q5U236",37.1600760366017,-1.43376950129161,0.456530067502941,-3.14058066127787,0.00168613268458768,0.0208902544597529
"Q84XU2",70.3968030700014,2.14301475387816,0.682369719543668,3.14054784745035,0.0016863215891651,0.0208902544597529
"Q9AV81",28.0385726718047,1.73249944452827,0.551779339022723,3.13984109589309,0.00169039498647759,0.0208902544597529
"Q09571",58.8193274681879,2.98479965133067,0.95238457811663,3.13402770258335,0.0017242457687498,0.020995227890071
"Q21221",71.0427443753981,2.02631926601576,0.646124228631211,3.13611404158057,0.00171202616294395,0.020995227890071
"Q4U2R1",55.4501777021382,1.72781148122262,0.551142389247892,3.13496387672241,0.00171875274681749,0.020995227890071
"Q6P8Y1",36.270683375693,2.38610252491036,0.760749188228478,3.13651668885348,0.00170967706218923,0.020995227890071
"Q9SJD4",89.1227901050378,1.75122977856098,0.558740993333225,3.13424251926432,0.00172298390192009,0.020995227890071
"Q8W4I7",28.9291535598597,1.55971276970566,0.497812975050412,3.13313000639992,0.00172952817862887,0.0209977907903915
"P31320",15.5833760878541,1.70016285719141,0.542926128630319,3.13148100180874,0.00173927038741733,0.0210188475139068
"Q8IX30",19.6643158763525,1.5983876243515,0.510484491813959,3.13111886841415,0.00174141659354349,0.0210188475139068
"P12530",35.4074608213356,1.69780438111527,0.542819976833456,3.12774852358866,0.00176150826795019,0.0211995471782377
"A2ASS6",60.9765790526357,1.23319830179595,0.394575944773975,3.12537628846676,0.0017757774533452,0.0213093294401424
"Q8YRI1",126.018530844977,1.24314720234094,0.398139668658092,3.12238970442434,0.00179389308091391,0.0214645010259641
"O48920",97.2091097317626,2.34493266117688,0.752681997882094,3.11543609090569,0.00183673144821626,0.0217881610189551
"Q0JB88",72.369075513419,1.33177459081488,0.42743012579272,3.11577146871655,0.00183464393622566,0.0217881610189551
"Q96I24",116.0077573375,1.58261023442126,0.507841820784757,3.11634483346742,0.00183108015670851,0.0217881610189551
"Q5SUV2",14.3528260068553,2.22681075419112,0.715567264419287,3.11195168493108,0.0018585491377837,0.0219839812297843
"P45623",63.7805388296647,0.726401590739691,0.233808452381039,3.10682348453285,0.00189109280020356,0.022250681774912
"Q12613",78.8652756944263,1.2117831705863,0.390054040716503,3.10670585122087,0.00189184540694904,0.022250681774912
"Q39565",43.3242945758057,1.82476095838597,0.587608322960049,3.10540352661076,0.0019001959577545,0.0222855843204069
"Q5ENN5",1708.54876955031,-1.42854979356199,0.460726120468451,-3.10064858512795,0.00193097306347788,0.0225825663355888
"C5DAE0",36.9808657751451,1.59123132898686,0.513554923892025,3.09846377662502,0.00194526748791975,0.0226856546478529
"Q9LXT3",83.169777541722,2.45866571372139,0.793820135582476,3.09725793478054,0.00195319842704613,0.0227141614830646
"P17971",23.9469140320867,1.7769682074672,0.574829588193069,3.09129565347003,0.00199285098128426,0.0229816241295734
"Q5VRB2",24.8037851364958,2.11111228209613,0.682574723027054,3.09286618867727,0.00198233496923627,0.0229816241295734
"Q7W066",33.8750719134895,2.94251346559447,0.951795199637017,3.09154056115921,0.00199120776236741,0.0229816241295734
"P49076",126.701454985768,2.55201753167286,0.827262533127378,3.08489437086584,0.00203624456006842,0.0234168124407868
"Q9XI31",1370.14348111057,1.09768953085742,0.356058343477874,3.08289231516247,0.00204999321197948,0.0235096174448616
"P33948",18.5244845875267,1.64420128840753,0.533935105458464,3.07940285551319,0.00207416001487161,0.0237210565236698
"P46824",41.7122642320603,1.55848569140452,0.507324907693498,3.07196762423911,0.00212652788569973,0.0242529626633523
"Q6Z4T5",15.0534489457675,4.1976358212618,1.36753922921983,3.0694811026785,0.00214430970966252,0.0243217594465831
"Q8WWF6",250.556071716268,1.04252931613692,0.339580784185652,3.07004802594177,0.00214024352359305,0.0243217594465831
"P79896",70.6700455546216,2.59562943796436,0.845999553147754,3.06812152359499,0.0021540899981305,0.024365936044427
"Q92953",14.1486383626592,2.49019257713676,0.81204286367472,3.06657774919411,0.00216524489065267,0.0244253783305233
"Q1ACM8",536.267042238617,2.63054700360606,0.858118371506772,3.06548267809146,0.00217318965394042,0.0244483836068297
"Q38953",13.9967390756968,1.8612255003888,0.607781518908615,3.06232658033264,0.00219623693944726,0.0245078731248292
"Q54TC9",63.868491255537,2.44065355590156,0.79696651857402,3.06242922258331,0.00219548388737971,0.0245078731248292
"Q9ZPJ8",85.2910505985974,2.09430620152453,0.68353433083849,3.06393710898975,0.00218444826866627,0.0245078731248292
"Q9XI91",25.6693919887956,3.9657374321065,1.29694208268719,3.05775985299955,0.00222998205825474,0.0248175422612221
"Q54Q39",26.6209866478938,3.05114319017259,0.998982747525474,3.05425013367889,0.00225623875355179,0.0250424354951861
"Q9FLG1",14.5659576677729,2.392800462177,0.784745079834383,3.04914363105276,0.00229494731415301,0.0254039622475761
"B2RC85",21.7811149912904,1.28583153828269,0.421905197133707,3.04767883168596,0.00230616259749336,0.0254600350763267
"Q5UPG5",68.8524094853404,1.58425320531167,0.521498009022382,3.03788926880386,0.00238241480160142,0.0262319076559305
"Q503L9",27.3795933131819,2.31302348739067,0.761762046840089,3.03641208824391,0.00239411911916077,0.0262908571706249
"A5D0W6",19.810554476764,2.53052054206389,0.835278253301734,3.0295539624803,0.00244915146784387,0.0267747945640225
"O09452",4721.83699788642,-0.844206364277442,0.278679335284611,-3.02931095847227,0.00245112249752766,0.0267747945640225
"Q54MZ3",29.7300661491565,1.86625746756811,0.61664501528411,3.02646972133271,0.00247427600519969,0.0269565859513861
"Q9LR78",45.9259805952,2.01189641715003,0.667009347997913,3.01629418416535,0.00255884866682922,0.0278048122852309
"P43490",14.0279539850378,2.21495330812096,0.73513381905291,3.01299334993802,0.00258684586135722,0.0280354499110442
"E2JA31",141.178768377763,1.6254414499658,0.540218946118329,3.00885680083083,0.00262232683727818,0.0280527987243712
"P25822",234.274336415621,1.44392591291115,0.479541957619903,3.0110522968162,0.0026034400926319,0.0280527987243712
"Q8N9H8",47.9025503547884,1.04517391589815,0.34733766440385,3.00910043168517,0.00262022484268879,0.0280527987243712
"Q8VYL8",14.91528040427,1.14797827730976,0.381211586436243,3.01139398212326,0.00260051195544803,0.0280527987243712
"Q9SRK7",306.137645546059,1.31304134164598,0.43621714782725,3.01006356165983,0.0026119302366175,0.0280527987243712
"O74476",22.2380858791377,2.44132680983529,0.811716929787537,3.00760858896253,0.00263312034155541,0.0280956655001015
"O15865",653.377364197383,1.02672717761609,0.341839148555718,3.00353889235346,0.00266859438180557,0.0284009787678022
"Q0EEE2",63.9134874590673,1.68454321277008,0.561442507504434,3.00038417158284,0.00269639284441193,0.02860872962814
"Q9M9E8",16.7342734618325,2.00462715407147,0.668262800163101,2.99975870807443,0.002701935575991,0.02860872962814
"Q0VZ70",16.996872315146,2.34213910414394,0.781111429887555,2.99846989114102,0.00271338965463807,0.0286567172709224
"Q9FIZ9",98.5706461831222,2.9223864698524,0.975344724203167,2.9962600886983,0.00273313208664853,0.0287917731265265
"Q9MAA2",17.737901711126,1.56837708169655,0.523779556734187,2.99434573482692,0.00275034096680463,0.0288995218339369
"P30741",54.9601209804097,2.61740263068247,0.875541342017583,2.98946777847288,0.00279463921542405,0.0290698652056673
"Q55GQ6",31.9230328171927,2.3843970001342,0.797430834027022,2.99009882536521,0.00278887201448489,0.0290698652056673
"Q94K73",32.5094645918588,2.45232187018612,0.819923415271873,2.99091576665483,0.00278142205081514,0.0290698652056673
"Q9FIH9",20.061536941691,3.36772740107999,1.12619121911943,2.9903690811168,0.00278640544611002,0.0290698652056673
"Q38998",30.4912037035556,2.0181550231338,0.677550411115798,2.9786049717102,0.00289563825184615,0.0300068723646809
"Q7M3S9",85.8734612123415,1.57761793190099,0.529717210221955,2.97822668672585,0.00289921472122521,0.0300068723646809
"B9FMJ3",33.0983257908116,-1.22053619752913,0.410236669452093,-2.97520014278408,0.00292797447308908,0.030228963388002
"O13798",48.2542046628414,2.15436099290794,0.724636713460089,2.97302214046128,0.00294883179435857,0.0303658162851115
"O88751",17.8297189093002,1.94032788600333,0.652806305821579,2.97228729057904,0.00295589950794684,0.0303658162851115
"P51193",2722.41357570002,-1.75722267316418,0.591621812324877,-2.97017898352813,0.00297626287346885,0.0304369518855762
"Q9C1X4",15.273444752855,1.43828378544604,0.484262735915152,2.97004844431813,0.00297752790184985,0.0304369518855762
"P0CT84",1705.45708407454,-1.78895695948215,0.604648338497493,-2.95867340664092,0.00308966355632436,0.0314821656388225
"Q9SQN2",60.4762064767497,0.866739135606053,0.293076051274341,2.95738642525493,0.00310259023686947,0.0314821656388225
"Q9XZD6",15.8030988434038,-1.37794637481893,0.465913901460511,-2.95751290206076,0.00310131769886595,0.0314821656388225
"Q9M9G6",32.5811665823271,1.62814915414005,0.550719965480595,2.95640117699242,0.00311251955827146,0.0315056991961952
"Q9FHN8",93.6245998170013,1.28436376055478,0.434773875489047,2.95409598635633,0.00313586453723645,0.0316645833759973
"Q9ULJ7",215.574038395379,1.71106184159801,0.579430134260822,2.95300803397256,0.0031469377281224,0.0316990807650285
"Q39493",46.1835477046029,1.3201572339336,0.447692892644766,2.94880096517663,0.00319009353941814,0.0320557943038618
"Q9SJI8",23.356274238703,-0.815418804007307,0.276655479814709,-2.94741605896777,0.00320441737623276,0.0321217625607836
"A0A2I0BVG8",67.47441913894,0.94723154796662,0.321920748943763,2.9424370783012,0.00325639954694535,0.0325419125799608
"O43808",17.7861152976887,1.960592033219,0.666437329254546,2.9419000814556,0.00326205162335355,0.0325419125799608
"P24862",116.354607592103,12.9832251562157,4.41549490884806,2.94037824167775,0.00327811809933332,0.0325928360475982
"P29185",36.1259905174823,3.05526260033383,1.03923096311873,2.93992645404347,0.00328290160189576,0.0325928360475982
"Q9BUJ2",50.7099849471048,1.61391021579766,0.549161886397342,2.93886057239947,0.00329421230513414,0.0326268874240558
"Q9XIG1",41.7524913872207,1.59961748193273,0.54591315457728,2.9301684132733,0.00338778340768114,0.0334735639804294
"Q8H112",24.1081110220627,1.49870900569745,0.51252673828411,2.92415769509896,0.00345389722650602,0.0340455583755593
"P43646",14.6241304060279,-1.32449998841613,0.453714975002352,-2.91923357479939,0.00350893195911073,0.0342584983496186
"Q09734",62.6868601799612,1.61044545741694,0.551800449799819,2.91852871450389,0.00351687483057679,0.0342584983496186
"Q4DJ07",128.746706658135,1.07914144885006,0.369604296263961,2.91972106319719,0.0035034481425866,0.0342584983496186
"Q54DF2",32.0978076069961,1.43845386802196,0.492725114871794,2.91938410404805,0.00350723780424355,0.0342584983496186
"Q7T6Y2",27.355489544108,1.5087058361056,0.516824740772157,2.91918268821948,0.00350950483844136,0.0342584983496186
"A0A5K1K8H0",48.8126338354334,1.84921308886904,0.634654988839898,2.91372969784618,0.00357138991203659,0.0347078737930316
"A0JMG9",35.0572138526889,1.93349157381822,0.664581866644192,2.90933543459647,0.003621980162712,0.0351170910389407
"Q75LD5",63.0749575856251,1.04301727023435,0.358673349725117,2.9079865315717,0.00363764003949967,0.035168933962479
"Q8Q0U0",86.7169461923237,1.22854615221413,0.422556463349818,2.90741299393416,0.003644317070025,0.035168933962479
"Q7PRJ0",31.3025882997073,1.41181840654529,0.486244761412497,2.90351386500101,0.00369000631580653,0.0355270375521838
"Q949X0",78.8631309704527,2.23785352742405,0.7709996119141,2.90253521901043,0.00370155536568598,0.0355555434198143
"Q9Y719",15.9253321986545,-1.38636847885399,0.478749811630711,-2.89580997250267,0.00378181329717733,0.0362423774312827
"Q9D906",19.3517019596262,-1.68179762389166,0.582305857881135,-2.88816882250044,0.00387491836513667,0.037048873052346
"Q6K3R5",19.2773554486901,1.76872574202877,0.612868553988244,2.88597894363936,0.00390198261913657,0.0372216775189526
"Q54C32",148.696856184169,1.11893816973642,0.387860437035102,2.88489895563943,0.00391539308244551,0.0372637410605159
"Q3UMT1",13.1182640718375,-2.17527188723738,0.755063652006538,-2.88091193564505,0.00396526414609958,0.0376518201028721
"P96831",16.3848483156406,1.28571167423183,0.447373379976693,2.8739118860823,0.00405422054643334,0.0384084051767369
"P76462",53.161687064751,2.06309279724673,0.718207524204381,2.87255803889299,0.00407163281791178,0.0384852964980702
"Q13573",50.8199612459535,2.08865469778615,0.727636885871663,2.87046291679409,0.00409871269399612,0.038653008093722
"Q8VZH2",21.0978537630828,2.11291492596547,0.736343514154069,2.86946905262396,0.00411161565881726,0.0386865655170533
"O78410",34.5421911257625,1.26739051143823,0.441986418706611,2.86748745616891,0.00413745205419063,0.0388413866311774
"Q39591",13.2064094532995,-1.55338850068959,0.54233238040084,-2.86427393389544,0.00417966380206746,0.0390690059466204
"Q99MB4",48.3795823393782,2.0035134719033,0.69950070234101,2.86420508971352,0.00418057237544755,0.0390690059466204
"O54853",68.984108621604,1.37498794915509,0.480272177316661,2.8629348400678,0.00419736872192328,0.0391376272719874
"P30181",36.6397432923306,3.32153628777851,1.16069316055063,2.86168334635727,0.0042139769049867,0.03920418963291
"Q40300",5125.26762349081,-1.70093859561914,0.595206773867832,-2.85772721396622,0.00426687029304544,0.0394304531544824
"Q57772",62.3412593402225,2.37211399402805,0.829881549015224,2.85837659222923,0.00425814702608147,0.0394304531544824
"Q9VX39",24.9777477212292,2.5890588535317,0.905905632985671,2.8579785346943,0.004263492315858,0.0394304531544824
"Q9VBP3",220.849626733044,1.16176080597622,0.407357624035234,2.85194320034558,0.00434528642750744,0.0400656699551911
"Q3SWY0",20.2761623960676,2.23261770688244,0.783916055639541,2.84803161106454,0.00439905548261689,0.0404593601630488
"Q5JI16",22.8862994817955,-1.61535118299397,0.56730362442295,-2.84741911289051,0.00440752933177174,0.0404593601630488
"Q9C196",57.5560562375398,2.24600707885722,0.789826424235676,2.84367173588894,0.00445969683861741,0.0408066577218572
"Q9FGR9",15.0463335472059,2.67620750519461,0.94123701454145,2.84328757140772,0.00446507631594235,0.0408066577218572
"Q6MEC9",27.4802366158925,2.2446489246926,0.790006586084398,2.84130406534711,0.00449294513155199,0.0409709093493948
"P83205",55.850664639432,7.31018523504699,2.57480859367935,2.83911792627695,0.00452384349097826,0.0409818644478118
"Q09764",43.1009418366842,1.65430047735502,0.582401154112671,2.84048282815555,0.00450452980571305,0.0409818644478118
"Q50LG2",30.0881945831992,1.76868305067544,0.622884515149216,2.83950396527636,0.00451837335340354,0.0409818644478118
"D2Z027",108.727499137296,1.55787420159777,0.549524248844406,2.83495078674657,0.00458327454548481,0.0412744274309907
"Q02318",106.739508612387,1.1320814895442,0.399322619774514,2.83500466410706,0.00458250166460387,0.0412744274309907
"Q52C47",16.9870506618572,2.3457578571707,0.827498582642182,2.83475755291417,0.00458604749233231,0.0412744274309907
"P11029",79.4397839997828,1.05639461560744,0.372928708896123,2.83269855714351,0.00461568901577147,0.0414510900765594
"Q9ZSA2",34.4021312154753,1.92115408550412,0.679844229509444,2.8258739312833,0.00471518175957719,0.0422529274559514
"Q8L7U5",36.0730387409023,1.76683160759473,0.625490436967296,2.8247140214665,0.00473228321460501,0.0423145842515437
"B8NLM9",7056.21802993507,-2.28056173804159,0.808585225203416,-2.82043458989479,0.00479586497083191,0.0427906917656123
"Q9P2H3",23.1811172751032,2.11550381815146,0.750663933817861,2.81817698019945,0.00482971803251497,0.043000070224972
"Q9SYB0",15.798849627776,2.21393908084758,0.785845789534099,2.8172691262495,0.00484339223190288,0.0430292786267766
"Q00766",75.2553336029403,2.05664314126523,0.731944157185274,2.80983613445888,0.00495667296334359,0.0438796974796385
"Q28FF3",16.0344773660424,1.97832399839235,0.704130172891492,2.80959980775773,0.00496031362813305,0.0438796974796385
"P79051",39.9670331610205,1.22254328380411,0.43549407704258,2.80725582333139,0.00499655438381478,0.0439454892243695
"Q10267",26.9774006139428,2.64631203273861,0.942734460372283,2.80705982859011,0.00499959551320726,0.0439454892243695
"Q9SUV2",38.0318092386403,-0.73526342037513,0.261846404890066,-2.80799509423788,0.00498509862124398,0.0439454892243695
"Q54PP1",84.0501619548351,1.62979285273756,0.58109716411365,2.80468216571576,0.00503662177868553,0.0441771486520299
"Q07429",737.899202060245,0.767462324190836,0.274065568169135,2.80028727912734,0.00510571460150009,0.0446884956664067
"P59232",44.3513143903923,-1.74557254871666,0.62388265618437,-2.79791805624552,0.00514331594030276,0.0449226328963152
"Q3U3V8",27.0339071259429,2.12100469516281,0.759241758012757,2.79358277225733,0.00521276865753315,0.0454333941940784
"O97860",9698.44278629337,-1.61926111132395,0.580793956141486,-2.78801301942179,0.00530324124755404,0.04612482933797
"Q8W257",41.3213508262807,2.93859015213583,1.05443889166566,2.78687572638167,0.00532188837551888,0.0461899745799752
"Q54KI4",29.6603690411074,1.65866698176091,0.5957997875437,2.78393348980383,0.00537040453761905,0.046513545576868
"Q8YV57",25.0456964212931,1.58768629079047,0.57077028463843,2.78165548123486,0.00540824180160831,0.0467434677633787
"Q9U505",42.7599592778279,-1.18125903384433,0.424956416445663,-2.77971807961951,0.00544061086702402,0.0469252687280822
"O82392",88.1983491915502,1.34645672423425,0.485265171216146,2.77468238831119,0.00552556413073543,0.0475589095659973
"P50430",74.2333851843205,1.70851308885401,0.616326414393645,2.77209129603001,0.00556974129575605,0.0478396866481951
"P14100",18.5687581877318,2.01061241274975,0.725821130496824,2.77012107841705,0.00560354580679416,0.0480141742826757
"Q10137",65.8525144663597,1.72583637134926,0.623244961863687,2.76911403533611,0.00562089579621819,0.0480141742826757
"Q9SR77",17.2627709769878,-2.04767727116643,0.739531359422041,-2.76888497705727,0.00562484891958882,0.0480141742826757
"O66515",398.191648580667,0.567635317838227,0.205063842056781,2.7680907182118,0.0056385757968012,0.0480323123431213
"O35594",39.5235405845955,2.29900816987675,0.833519079585291,2.75819501458875,0.005812151256917,0.049202691731838
"P54965",37.4272830552513,1.61820745781196,0.586826489037224,2.75755694066719,0.00582350699241561,0.049202691731838
"P73121",24.6246216159826,1.35709830118267,0.49195865248049,2.75856170907876,0.00580563426999909,0.049202691731838
"Q5XIC0",29.3435930627067,2.3201316399157,0.841221477894866,2.75805088301094,0.00581471460479741,0.049202691731838
"O82531",34.8270993671176,-0.82951008976138,0.301414769190786,-2.75205522273637,0.00592225333411023,0.0499255026798974
"Q5ZKR7",72.1697678571163,1.56306361426167,0.568220194549806,2.75080616502915,0.0059448808878263,0.0499255026798974
"Q92177",44.3659991435427,1.77398460080163,0.644900831888983,2.75078665289583,0.00594523498096363,0.0499255026798974
"B0R0B1",87.9645044251899,1.21865967293315,0.44330369592285,2.74904018202735,0.00597700585514116,0.0499895035157261
"Q9Z3S6",172.472452400658,1.98826074441191,0.72317943998652,2.74933250929945,0.00597167735468316,0.0499895035157261
